{
    "name": "forcecast_framework",
    "description": "A framework to benchmark force control algorithms",
    "keywords": "mbed, nucleo, forcecast, forecast",
    "repository": {
        "type": "git",
        "url": "https://gitlab.com/altairLab/elasticteam/forcecast/forcecast-framework.git"
    },
    "frameworks": "mbed",
    "version": "0.1.0",
    "build": {
        "flags": [
            "-std=gnu++14 -D HSE_CLOCK=8000000 -Wno-register"
        ],
        "unflags": "-std=gnu++98 -std=gnu++11"
    },
    "dependencies": [
        {
            "name": "altair_nucleo_utility_lib",
            "version": "git+https://gitlab.com/altairLab/elasticteam/nucleo-libs/utility-lib.git"
        },
        {
            "name": "altair_nucleo_hw_lib",
            "version": "git+https://gitlab.com/altairLab/elasticteam/nucleo-libs/hw-lib.git"
        }
    ]
}
